/home/tiago/documentos/github/ARG-Sentinel/genomes/genome1.fasta	NODE_11_length_157632_cov_5.996896	7161	8021	-	(Bla)blaSHV-11	1-861/861	===============	0/0	100.00	100.00	argannot	HM751098:1-861	(Bla)blaSHV-11	
/home/tiago/documentos/github/ARG-Sentinel/genomes/genome1.fasta	NODE_25_length_91321_cov_14.844018	88440	89255	+	(Sul)sul2	1-816/816	===============	0/0	100.00	100.00	argannot	EU360945:1617-2432	(Sul)sul2	
/home/tiago/documentos/github/ARG-Sentinel/genomes/genome1.fasta	NODE_25_length_91321_cov_14.844018	89316	90119	+	(AGly)strA	1-804/804	===============	0/0	100.00	99.88	argannot	AB366441:22458-23261	(AGly)strA	
/home/tiago/documentos/github/ARG-Sentinel/genomes/genome1.fasta	NODE_25_length_91321_cov_14.844018	90119	90955	+	(AGly)strB	1-837/837	===============	0/0	100.00	100.00	argannot	FJ474091:264-1100	(AGly)strB	
/home/tiago/documentos/github/ARG-Sentinel/genomes/genome1.fasta	NODE_32_length_73386_cov_7.467614	13922	15097	+	(Flq)OqxA	1-1176/1176	===============	0/0	100.00	100.00	argannot	EU370913:46652-47827	(Flq)OqxA	
/home/tiago/documentos/github/ARG-Sentinel/genomes/genome1.fasta	NODE_32_length_73386_cov_7.467614	15121	18273	+	(Flq)OqxBgb	1-3153/3153	===============	0/0	100.00	100.00	argannot	EU370913:47851-51003	(Flq)OqxBgb	
/home/tiago/documentos/github/ARG-Sentinel/genomes/genome1.fasta	NODE_3_length_250549_cov_7.498483	216080	217240	+	(Bla)ampH	1-1161/1161	===============	0/0	100.00	98.88	argannot	CP003785:4208384-4209544	(Bla)ampH	
/home/tiago/documentos/github/ARG-Sentinel/genomes/genome1.fasta	NODE_42_length_42978_cov_16.990438	2874	3755	-	(Bla)blaKPC-2	1-882/882	===============	0/0	100.00	100.00	argannot	JN048642:127-1008	(Bla)blaKPC-2	
/home/tiago/documentos/github/ARG-Sentinel/genomes/genome1.fasta	NODE_42_length_42978_cov_16.990438	42066	42590	+	(AGly)sat-2A	1-525/525	===============	0/0	100.00	100.00	argannot	X51546:518-1042	(AGly)sat-2A	
/home/tiago/documentos/github/ARG-Sentinel/genomes/genome1.fasta	NODE_46_length_33614_cov_8.704849	19147	19566	-	(Fcyn)FosA6	1-420/420	===============	0/0	100.00	98.81	argannot	KU254579:59422-59841	(Fcyn)FosA6	
/home/tiago/documentos/github/ARG-Sentinel/genomes/genome1.fasta	NODE_63_length_8666_cov_10.572429	122	877	+	(AGly)rmtB	1-756/756	===============	0/0	100.00	100.00	argannot	AB103506:1410-2165	(AGly)rmtB	
/home/tiago/documentos/github/ARG-Sentinel/genomes/genome1.fasta	NODE_63_length_8666_cov_10.572429	4582	5757	-	(Tet)tetG	1-1176/1176	===============	0/0	100.00	100.00	argannot	AF133140:757-1932	(Tet)tetG	
/home/tiago/documentos/github/ARG-Sentinel/genomes/genome1.fasta	NODE_63_length_8666_cov_10.572429	5861	6469	+	(Tet)tetR(G)	1-609/633	===============	0/0	96.21	98.52	argannot	S52438:113-745	(Tet)tetR(G)	
/home/tiago/documentos/github/ARG-Sentinel/genomes/genome1.fasta	NODE_63_length_8666_cov_10.572429	6695	7908	-	(Phe)floR	1-1214/1215	===============	0/0	99.92	86.74	argannot	AKLJ01000508:383-1597	(Phe)floR	
/home/tiago/documentos/github/ARG-Sentinel/genomes/genome1.fasta	NODE_64_length_8482_cov_12.424430	699	1604	-	(MLS)erm(42)	1-906/906	===============	0/0	100.00	99.67	argannot	FR734406:1-906	(MLS)erm(42)	
/home/tiago/documentos/github/ARG-Sentinel/genomes/genome1.fasta	NODE_66_length_6794_cov_10.254966	169	1074	+	(MLS)mph(A)	1-906/906	===============	0/0	100.00	100.00	argannot	DQ445270:1626-2531	(MLS)mph(A)	
/home/tiago/documentos/github/ARG-Sentinel/genomes/genome1.fasta	NODE_68_length_5871_cov_10.628552	133	993	+	(AGly)aac3-IId	1-861/861	===============	0/0	100.00	99.88	argannot	EU022314:1-861	(AGly)aac3-IId	
/home/tiago/documentos/github/ARG-Sentinel/genomes/genome1.fasta	NODE_69_length_5711_cov_10.841411	323	982	+	(Phe)catA1	1-660/660	===============	0/0	100.00	99.85	argannot	V00622:244-903	(Phe)catA1	
/home/tiago/documentos/github/ARG-Sentinel/genomes/genome1.fasta	NODE_6_length_198162_cov_6.773597	81532	83433	+	(Bla)Penicillin_Binding_Protein_Ecoli	1-1902/1902	===============	0/0	100.00	81.39	argannot	CP002291:664439-666340	(Bla)Penicillin_Binding_Protein_Ecoli	
/home/tiago/documentos/github/ARG-Sentinel/genomes/genome1.fasta	NODE_73_length_4110_cov_22.552231	1034	1813	-	(AGly)aadA2	1-780/780	===============	0/0	100.00	99.87	argannot	X68227:66-945	(AGly)aadA2	
/home/tiago/documentos/github/ARG-Sentinel/genomes/genome1.fasta	NODE_73_length_4110_cov_22.552231	2233	2730	-	(Tmt)dfrA12	1-498/498	===============	0/0	100.00	100.00	argannot	Z21672:310-807	(Tmt)dfrA12	
/home/tiago/documentos/github/ARG-Sentinel/genomes/genome1.fasta	NODE_81_length_1474_cov_11.322950	598	1473	+	(Bla)blaCTX-M-19	1-876/876	===============	0/0	100.00	100.00	argannot	AF325134:1-876	(Bla)blaCTX-M-19	
/home/tiago/documentos/github/ARG-Sentinel/genomes/genome1.fasta	NODE_86_length_1236_cov_13.093228	186	1001	+	(AGly)aph3-Ia	1-816/816	===============	0/0	100.00	99.88	argannot	HQ840942:23569-24384	(AGly)aph3-Ia	
/home/tiago/documentos/github/ARG-Sentinel/genomes/genome1.fasta	NODE_90_length_1105_cov_31.211730	112	972	-	(Bla)blaTEM-105	1-861/861	===============	0/0	100.00	99.88	argannot	AF516720:215-1075	(Bla)blaTEM-105	
/home/tiago/documentos/github/ARG-Sentinel/genomes/genome11.fasta	NODE_2_length_682840_cov_16.157191	158355	159161	+	(Bla)blaOXA-22	3-809/825	===============	0/0	97.82	86.99	argannot	AF064820:952-1776	(Bla)blaOXA-22	
/home/tiago/documentos/github/ARG-Sentinel/genomes/genome11.fasta	NODE_5_length_367411_cov_15.777492	247408	248215	-	(Bla)blaOXA-60	1-808/816	========/======	2/2	98.90	89.00	argannot	AY664505:1-816	(Bla)blaOXA-60	
/home/tiago/documentos/github/ARG-Sentinel/genomes/genome12.fasta	NODE_2_length_648874_cov_20.603172	489788	490594	-	(Bla)blaOXA-22	3-809/825	===============	0/0	97.82	86.99	argannot	AF064820:952-1776	(Bla)blaOXA-22	
/home/tiago/documentos/github/ARG-Sentinel/genomes/genome12.fasta	NODE_5_length_367447_cov_19.894560	247408	248215	-	(Bla)blaOXA-60	1-808/816	========/======	2/2	98.90	89.00	argannot	AY664505:1-816	(Bla)blaOXA-60	
/home/tiago/documentos/github/ARG-Sentinel/genomes/genome14.fasta	NODE_36_length_50738_cov_5.169435	23371	24183	-	(Bla)blaL1	61-873/873	========/======	2/2	93.01	89.07	argannot	NG_047517:101-973	(Bla)blaL1	
/home/tiago/documentos/github/ARG-Sentinel/genomes/genome14.fasta	NODE_39_length_43310_cov_4.813242	28788	29593	-	(AGly)sph-I	1-806/813	===============	0/0	99.14	90.32	argannot	HQ424461:18-830	(AGly)sph-I	
/home/tiago/documentos/github/ARG-Sentinel/genomes/genome14.fasta	NODE_5_length_227699_cov_5.052895	156435	157238	+	(AGly)aph3-IIc	1-804/804	===============	0/0	100.00	82.96	argannot	HQ424460:2-805	(AGly)aph3-IIc	
/home/tiago/documentos/github/ARG-Sentinel/genomes/genome14.fasta	NODE_71_length_640_cov_0.247689	162	638	-	(AGly)aadC	1-477/477	===============	0/0	100.00	86.79	argannot	V01282:225-701	(AGly)aadC	
/home/tiago/documentos/github/ARG-Sentinel/genomes/genome16.fasta	NODE_16_length_108614_cov_7.803069	30890	32065	+	(Flq)OqxA	1-1176/1176	===============	0/0	100.00	93.71	argannot	EU370913:46652-47827	(Flq)OqxA	
/home/tiago/documentos/github/ARG-Sentinel/genomes/genome16.fasta	NODE_16_length_108614_cov_7.803069	32089	35241	+	(Flq)OqxBgb	1-3153/3153	===============	0/0	100.00	95.37	argannot	EU370913:47851-51003	(Flq)OqxBgb	
/home/tiago/documentos/github/ARG-Sentinel/genomes/genome16.fasta	NODE_1_length_538441_cov_7.379369	118215	119375	-	(Bla)ampH	1-1161/1161	===============	0/0	100.00	95.69	argannot	CP003785:4208384-4209544	(Bla)ampH	
/home/tiago/documentos/github/ARG-Sentinel/genomes/genome16.fasta	NODE_1_length_538441_cov_7.379369	526066	527967	-	(Bla)Penicillin_Binding_Protein_Ecoli	1-1902/1902	===============	0/0	100.00	81.65	argannot	CP002291:664439-666340	(Bla)Penicillin_Binding_Protein_Ecoli	
/home/tiago/documentos/github/ARG-Sentinel/genomes/genome16.fasta	NODE_27_length_76999_cov_8.359298	4517	4936	+	(Fcyn)FosA5	1-420/420	===============	0/0	100.00	92.62	argannot	KP143090:1200-1619	(Fcyn)FosA5	
/home/tiago/documentos/github/ARG-Sentinel/genomes/genome16.fasta	NODE_57_length_7714_cov_13.402495	703	1542	-	(Sul)sul1	1-840/840	===============	0/0	100.00	100.00	argannot	AF071413:6700-7539	(Sul)sul1	
/home/tiago/documentos/github/ARG-Sentinel/genomes/genome16.fasta	NODE_57_length_7714_cov_13.402495	1996	2677	+	(Flq)qnrB20	1-681/681	========/======	1/1	100.00	99.41	argannot	AB379831:1-681	(Flq)qnrB20	
/home/tiago/documentos/github/ARG-Sentinel/genomes/genome16.fasta	NODE_57_length_7714_cov_13.402495	6424	7263	-	(Sul)sul1	1-840/840	===============	0/0	100.00	100.00	argannot	AF071413:6700-7539	(Sul)sul1	
/home/tiago/documentos/github/ARG-Sentinel/genomes/genome16.fasta	NODE_76_length_2023_cov_10.519751	41	574	+	(AGly)aac3-I	1-534/534	===============	0/0	100.00	98.50	argannot	X15852:1250-1783	(AGly)aac3-I	
/home/tiago/documentos/github/ARG-Sentinel/genomes/genome16.fasta	NODE_76_length_2023_cov_10.519751	1070	1871	+	(AGly)aadA1-pm	30-831/831	===============	0/0	96.51	99.88	argannot	JQ690540:7968-8798	(AGly)aadA1-pm	
/home/tiago/documentos/github/ARG-Sentinel/genomes/genome16.fasta	NODE_82_length_1408_cov_9.505730	514	1302	-	(AGly)aadA4	1-789/789	===============	0/0	100.00	99.62	argannot	AY138986:1-798	(AGly)aadA4	
/home/tiago/documentos/github/ARG-Sentinel/genomes/genome16.fasta	NODE_8_length_175321_cov_5.812284	106630	107490	+	(Bla)blaOKP-B-9	1-861/861	===============	0/0	100.00	99.19	argannot	AM051159:1-861	(Bla)blaOKP-B-9	
/home/tiago/documentos/github/ARG-Sentinel/genomes/genome18.fasta	NODE_32_length_19340_cov_17.761239	15505	16305	-	(AGly)apH-Stph	1-801/801	========/======	2/2	99.88	82.79	argannot	HE579073:1778413-1779213	(AGly)apH-Stph	
/home/tiago/documentos/github/ARG-Sentinel/genomes/genome18.fasta	NODE_62_length_747_cov_0.206790	96	572	+	(AGly)aadC	1-477/477	===============	0/0	100.00	86.79	argannot	V01282:225-701	(AGly)aadC	
/home/tiago/documentos/github/ARG-Sentinel/genomes/genome2.fasta	NODE_19_length_74232_cov_24.724846	53619	54581	-	(Bla)Zn-dependent_hydrolase	1-963/963	===============	0/0	100.00	83.28	argannot	NC_010410:882015-882977	(Bla)Zn-dependent_hydrolase	
/home/tiago/documentos/github/ARG-Sentinel/genomes/genome2.fasta	NODE_21_length_71586_cov_25.270804	35225	36376	-	(Bla)blaADC-22	1-1152/1152	===============	0/0	100.00	99.91	argannot	NG_048647:1-1132	(Bla)blaADC-22	
/home/tiago/documentos/github/ARG-Sentinel/genomes/genome2.fasta	NODE_32_length_42099_cov_23.941214	20221	21238	-	(Bla)BlaA1	1-1018/1020	===============	0/0	99.80	90.77	argannot	NC_010410:1803480-1804499	(Bla)BlaA1	
/home/tiago/documentos/github/ARG-Sentinel/genomes/genome2.fasta	NODE_3_length_211799_cov_21.289098	75341	76036	+	(Bla)Mbl	1-696/696	===============	0/0	100.00	94.54	argannot	NC_010410:c1997136-1996441	(Bla)Mbl	
/home/tiago/documentos/github/ARG-Sentinel/genomes/genome2.fasta	NODE_7_length_185454_cov_21.464358	71882	72702	-	(Bla)blaOXA-803	1-821/822	===============	0/0	99.88	94.64	argannot	NG_064761:1-822	(Bla)blaOXA-803	
/home/tiago/documentos/github/ARG-Sentinel/genomes/genome20.fasta	NODE_1_length_647687_cov_3.204851	589245	591146	+	(Bla)Penicillin_Binding_Protein_Ecoli	1-1902/1902	===============	0/0	100.00	81.18	argannot	CP002291:664439-666340	(Bla)Penicillin_Binding_Protein_Ecoli	
/home/tiago/documentos/github/ARG-Sentinel/genomes/genome20.fasta	NODE_20_length_109049_cov_2.803084	12354	13244	+	(Bla)blaLEN-24	1-891/891	===============	0/0	100.00	99.78	argannot	AM850914:31-891	(Bla)blaLEN-24	
/home/tiago/documentos/github/ARG-Sentinel/genomes/genome20.fasta	NODE_32_length_50737_cov_3.333524	34362	34781	-	(Fcyn)FosA5	1-420/420	===============	0/0	100.00	92.86	argannot	KP143090:1200-1619	(Fcyn)FosA5	
/home/tiago/documentos/github/ARG-Sentinel/genomes/genome20.fasta	NODE_7_length_222321_cov_3.365261	187126	188286	+	(Bla)ampH	1-1161/1161	===============	0/0	100.00	97.76	argannot	CP003785:4208384-4209544	(Bla)ampH	
/home/tiago/documentos/github/ARG-Sentinel/genomes/genome20.fasta	NODE_8_length_207094_cov_3.307346	43153	44328	+	(Flq)OqxA	1-1176/1176	===============	0/0	100.00	96.17	argannot	EU370913:46652-47827	(Flq)OqxA	
/home/tiago/documentos/github/ARG-Sentinel/genomes/genome20.fasta	NODE_8_length_207094_cov_3.307346	44352	47504	+	(Flq)OqxBgb	1-3153/3153	===============	0/0	100.00	97.88	argannot	EU370913:47851-51003	(Flq)OqxBgb	
/home/tiago/documentos/github/ARG-Sentinel/genomes/genome21.fasta	NODE_10_length_119736_cov_6.765231	113507	114319	+	(AGly)sph-I	1-813/813	===============	0/0	100.00	88.68	argannot	HQ424461:18-830	(AGly)sph-I	
/home/tiago/documentos/github/ARG-Sentinel/genomes/genome21.fasta	NODE_5_length_224887_cov_6.796297	64154	65002	-	(Bla)blaL1	13-861/873	===============	0/0	97.25	86.22	argannot	NG_047517:101-973	(Bla)blaL1	
/home/tiago/documentos/github/ARG-Sentinel/genomes/genome21.fasta	NODE_6_length_179265_cov_7.041386	51276	52048	+	(AGly)aph3-IIc	32-804/804	========/======	2/2	96.02	80.36	argannot	HQ424460:2-805	(AGly)aph3-IIc	
/home/tiago/documentos/github/ARG-Sentinel/genomes/genome21.fasta	NODE_9_length_140986_cov_8.046889	91586	92500	+	(Bla)blaL2	1-915/915	===============	0/0	100.00	94.64	argannot	NG_047518:101-1015	(Bla)blaL2	
/home/tiago/documentos/github/ARG-Sentinel/genomes/genome22.fasta	NODE_10_length_81893_cov_37.542314	36270	37070	+	(AGly)apH-Stph	1-801/801	===============	0/0	100.00	82.90	argannot	HE579073:1778413-1779213	(AGly)apH-Stph	
/home/tiago/documentos/github/ARG-Sentinel/genomes/genome22.fasta	NODE_27_length_10506_cov_41.427597	415	1260	-	(Bla)blaZ	1-846/846	===============	0/0	100.00	98.82	argannot	AB245469:2235-3080	(Bla)blaZ	
/home/tiago/documentos/github/ARG-Sentinel/genomes/genome22.fasta	NODE_27_length_10506_cov_41.427597	1367	3124	+	(Bla)blaR1_Bacilli	1-1758/1758	===============	0/0	100.00	96.98	argannot	NG_047539:1-1758	(Bla)blaR1_Bacilli	
/home/tiago/documentos/github/ARG-Sentinel/genomes/genome22.fasta	NODE_27_length_10506_cov_41.427597	3114	3494	+	(Bla)blaI	1-381/381	===============	0/0	100.00	99.74	argannot	NG_047499:101-481	(Bla)blaI	
/home/tiago/documentos/github/ARG-Sentinel/genomes/genome22.fasta	NODE_32_length_4478_cov_34.947248	1665	3671	-	(Bla)mecA	1-2007/2007	===============	0/0	100.00	99.95	argannot	AB221124:91-2097	(Bla)mecA	
/home/tiago/documentos/github/ARG-Sentinel/genomes/genome22.fasta	NODE_33_length_4302_cov_1.662860	3550	4287	-	(MLS)erm(B)	1-738/738	===============	0/0	100.00	99.73	argannot	M11180:714-1451	(MLS)erm(B)	
/home/tiago/documentos/github/ARG-Sentinel/genomes/genome22.fasta	NODE_43_length_2345_cov_2403.472395	12	435	-	(AGly)aadC	1-424/477	==============.	0/0	88.89	87.50	argannot	V01282:225-701	(AGly)aadC	
/home/tiago/documentos/github/ARG-Sentinel/genomes/genome22.fasta	NODE_43_length_2345_cov_2403.472395	883	1617	-	(MLS)erm(C)	1-735/735	===============	0/0	100.00	99.59	argannot	M19652:988-1722	(MLS)erm(C)	
/home/tiago/documentos/github/ARG-Sentinel/genomes/genome22.fasta	NODE_45_length_2113_cov_17.861470	497	1936	+	(AGly)aac6-Aph2	1-1440/1440	===============	0/0	100.00	99.93	argannot	M13771:304-1743	(AGly)aac6-Aph2	
/home/tiago/documentos/github/ARG-Sentinel/genomes/genome24.fasta	NODE_10_length_161147_cov_8.147080	12344	13204	-	(Bla)blaSHV-106	1-861/861	===============	0/0	100.00	99.88	argannot	AM941847:1-861	(Bla)blaSHV-106	
/home/tiago/documentos/github/ARG-Sentinel/genomes/genome24.fasta	NODE_11_length_159296_cov_8.705195	30761	31936	+	(Flq)OqxA	1-1176/1176	===============	0/0	100.00	99.23	argannot	EU370913:46652-47827	(Flq)OqxA	
/home/tiago/documentos/github/ARG-Sentinel/genomes/genome24.fasta	NODE_11_length_159296_cov_8.705195	31960	35112	+	(Flq)OqxBgb	1-3153/3153	===============	0/0	100.00	98.86	argannot	EU370913:47851-51003	(Flq)OqxBgb	
/home/tiago/documentos/github/ARG-Sentinel/genomes/genome24.fasta	NODE_23_length_87136_cov_8.747958	22670	24571	+	(Bla)Penicillin_Binding_Protein_Ecoli	1-1902/1902	===============	0/0	100.00	81.44	argannot	CP002291:664439-666340	(Bla)Penicillin_Binding_Protein_Ecoli	
/home/tiago/documentos/github/ARG-Sentinel/genomes/genome24.fasta	NODE_24_length_87066_cov_9.253728	15496	15915	+	(Fcyn)FosA6	1-420/420	===============	0/0	100.00	99.76	argannot	KU254579:59422-59841	(Fcyn)FosA6	
/home/tiago/documentos/github/ARG-Sentinel/genomes/genome24.fasta	NODE_2_length_353142_cov_9.353203	218552	219712	+	(Bla)ampH	1-1161/1161	===============	0/0	100.00	99.22	argannot	CP003785:4208384-4209544	(Bla)ampH	
/home/tiago/documentos/github/ARG-Sentinel/genomes/genome24.fasta	NODE_61_length_7394_cov_9.081974	522	1337	+	(Sul)sul2	1-816/816	===============	0/0	100.00	100.00	argannot	EU360945:1617-2432	(Sul)sul2	
/home/tiago/documentos/github/ARG-Sentinel/genomes/genome24.fasta	NODE_61_length_7394_cov_9.081974	1398	2201	+	(AGly)strA	1-804/804	===============	0/0	100.00	99.88	argannot	AB366441:22458-23261	(AGly)strA	
/home/tiago/documentos/github/ARG-Sentinel/genomes/genome24.fasta	NODE_61_length_7394_cov_9.081974	2201	3037	+	(AGly)strB	1-837/837	===============	0/0	100.00	100.00	argannot	FJ474091:264-1100	(AGly)strB	
/home/tiago/documentos/github/ARG-Sentinel/genomes/genome24.fasta	NODE_61_length_7394_cov_9.081974	3758	4618	-	(Bla)blaTEM-105	1-861/861	===============	0/0	100.00	99.88	argannot	AF516720:215-1075	(Bla)blaTEM-105	
/home/tiago/documentos/github/ARG-Sentinel/genomes/genome24.fasta	NODE_66_length_5729_cov_10.731972	322	981	+	(Phe)catA1	1-660/660	===============	0/0	100.00	99.85	argannot	V00622:244-903	(Phe)catA1	
/home/tiago/documentos/github/ARG-Sentinel/genomes/genome24.fasta	NODE_67_length_5630_cov_10.071235	105	602	+	(Tmt)dfrA12	1-498/498	===============	0/0	100.00	100.00	argannot	Z21672:310-807	(Tmt)dfrA12	
/home/tiago/documentos/github/ARG-Sentinel/genomes/genome24.fasta	NODE_67_length_5630_cov_10.071235	1022	1801	+	(AGly)aadA2	1-780/780	===============	0/0	100.00	99.87	argannot	X68227:66-945	(AGly)aadA2	
/home/tiago/documentos/github/ARG-Sentinel/genomes/genome24.fasta	NODE_67_length_5630_cov_10.071235	2306	3145	+	(Sul)sul1	1-840/840	===============	0/0	100.00	100.00	argannot	AF071413:6700-7539	(Sul)sul1	
/home/tiago/documentos/github/ARG-Sentinel/genomes/genome24.fasta	NODE_70_length_4481_cov_9.914651	3355	4230	-	(Bla)blaCTX-M-15	1-876/876	===============	0/0	100.00	100.00	argannot	JQ686199:261-1136	(Bla)blaCTX-M-15	
/home/tiago/documentos/github/ARG-Sentinel/genomes/genome24.fasta	NODE_73_length_3428_cov_9.517873	167	1072	+	(MLS)mph(A)	1-906/906	===============	0/0	100.00	100.00	argannot	DQ445270:1626-2531	(MLS)mph(A)	
/home/tiago/documentos/github/ARG-Sentinel/genomes/genome24.fasta	NODE_77_length_2381_cov_10.334356	1	539	-	(Phe)catB4	1-539/549	===============	0/0	98.18	100.00	argannot	EU935739:59054-59602	(Phe)catB4	
/home/tiago/documentos/github/ARG-Sentinel/genomes/genome24.fasta	NODE_77_length_2381_cov_10.334356	677	1507	-	(Bla)blaOXA-1	1-831/831	===============	0/0	100.00	100.00	argannot	JQ682867:1-831	(Bla)blaOXA-1	
/home/tiago/documentos/github/ARG-Sentinel/genomes/genome24.fasta	NODE_92_length_1130_cov_11.374394	116	589	+	(Tmt)dfrA14	1-474/474	===============	0/0	100.00	100.00	argannot	GU726917:72-545	(Tmt)dfrA14	
/home/tiago/documentos/github/ARG-Sentinel/genomes/genome25.fasta	NODE_19_length_103230_cov_5.373535	12497	12922	+	(Fcyn)FosA2	1-426/426	===============	0/0	100.00	92.96	argannot	EU487198:217-642	(Fcyn)FosA2	
/home/tiago/documentos/github/ARG-Sentinel/genomes/genome25.fasta	NODE_33_length_29536_cov_5.594048	12053	13198	+	(Bla)blaACT-1	1-1146/1146	===============	0/0	100.00	99.48	argannot	U58495:28-1173	(Bla)blaACT-1	
/home/tiago/documentos/github/ARG-Sentinel/genomes/genome25.fasta	NODE_36_length_26066_cov_5.699888	5210	7111	-	(Bla)Penicillin_Binding_Protein_Ecoli	1-1902/1902	===============	0/0	100.00	81.97	argannot	CP002291:664439-666340	(Bla)Penicillin_Binding_Protein_Ecoli	
/home/tiago/documentos/github/ARG-Sentinel/genomes/genome25.fasta	NODE_3_length_315834_cov_4.692473	80114	81289	+	(Flq)OqxA	1-1176/1176	===============	0/0	100.00	86.22	argannot	EU370913:46652-47827	(Flq)OqxA	
/home/tiago/documentos/github/ARG-Sentinel/genomes/genome25.fasta	NODE_3_length_315834_cov_4.692473	81314	84438	+	(Flq)OqxBgb	1-3125/3153	===============	0/0	99.11	89.44	argannot	EU370913:47851-51003	(Flq)OqxBgb	
/home/tiago/documentos/github/ARG-Sentinel/genomes/genome25.fasta	NODE_71_length_1939_cov_0.339130	837	1313	-	(AGly)aadC	1-477/477	===============	0/0	100.00	86.79	argannot	V01282:225-701	(AGly)aadC	
/home/tiago/documentos/github/ARG-Sentinel/genomes/genome27.fasta	NODE_11_length_94592_cov_11.557978	58332	59120	+	(AGly)ant(3'')-IIa	1-789/789	===============	0/0	100.00	95.06	argannot	NG_054648:101-889	(AGly)ant(3'')-IIa	
/home/tiago/documentos/github/ARG-Sentinel/genomes/genome27.fasta	NODE_1_length_279932_cov_9.359182	228521	229483	-	(Bla)Zn-dependent_hydrolase	1-963/963	===============	0/0	100.00	83.28	argannot	NC_010410:882015-882977	(Bla)Zn-dependent_hydrolase	
/home/tiago/documentos/github/ARG-Sentinel/genomes/genome27.fasta	NODE_35_length_41489_cov_8.417734	18385	19536	+	(Bla)blaADC-22	1-1152/1152	===============	0/0	100.00	99.91	argannot	NG_048647:1-1132	(Bla)blaADC-22	
/home/tiago/documentos/github/ARG-Sentinel/genomes/genome27.fasta	NODE_42_length_33806_cov_8.853443	20157	21174	-	(Bla)BlaA1	1-1018/1020	===============	0/0	99.80	90.77	argannot	NC_010410:1803480-1804499	(Bla)BlaA1	
/home/tiago/documentos/github/ARG-Sentinel/genomes/genome27.fasta	NODE_4_length_154001_cov_8.234084	11880	12700	-	(Bla)blaOXA-803	1-821/822	===============	0/0	99.88	94.64	argannot	NG_064761:1-822	(Bla)blaOXA-803	
/home/tiago/documentos/github/ARG-Sentinel/genomes/genome28.fasta	NODE_1_length_246600_cov_20.792086	201600	202787	-	(Phe)dha1	1-1188/1188	========/======	2/2	99.92	86.29	argannot	BA000018:2517801-2518988	(Phe)dha1	
/home/tiago/documentos/github/ARG-Sentinel/genomes/genome28.fasta	NODE_21_length_51097_cov_18.596749	11697	12497	-	(AGly)apH-Stph	1-801/801	===============	0/0	100.00	99.75	argannot	HE579073:1778413-1779213	(AGly)apH-Stph	
/home/tiago/documentos/github/ARG-Sentinel/genomes/genome28.fasta	NODE_45_length_533_cov_0.048387	15	491	-	(AGly)aadC	1-477/477	===============	0/0	100.00	86.79	argannot	V01282:225-701	(AGly)aadC	
/home/tiago/documentos/github/ARG-Sentinel/genomes/genome28.fasta	NODE_5_length_175766_cov_17.942015	42059	43225	-	(Flq)norA	1-1167/1167	===============	0/0	100.00	100.00	argannot	D90119:478-1644	(Flq)norA	
/home/tiago/documentos/github/ARG-Sentinel/genomes/genome28.fasta	NODE_6_length_138720_cov_24.625158	28608	29960	+	(Tet)tet(38)	1-1353/1353	===============	0/0	100.00	99.63	argannot	AY825285:1-1353	(Tet)tet(38)	
/home/tiago/documentos/github/ARG-Sentinel/genomes/genome29.fasta	NODE_14_length_67365_cov_12.319954	28374	29174	+	(AGly)apH-Stph	1-801/801	===============	0/0	100.00	83.15	argannot	HE579073:1778413-1779213	(AGly)apH-Stph	
/home/tiago/documentos/github/ARG-Sentinel/genomes/genome29.fasta	NODE_15_length_67254_cov_14.182458	62410	62790	-	(Bla)blaI	1-381/381	===============	0/0	100.00	95.28	argannot	NG_047499:101-481	(Bla)blaI	
/home/tiago/documentos/github/ARG-Sentinel/genomes/genome29.fasta	NODE_15_length_67254_cov_14.182458	62780	64537	-	(Bla)blaR1_Bacilli	1-1758/1758	===============	0/0	100.00	92.95	argannot	NG_047539:1-1758	(Bla)blaR1_Bacilli	
/home/tiago/documentos/github/ARG-Sentinel/genomes/genome29.fasta	NODE_15_length_67254_cov_14.182458	64644	65489	+	(Bla)blaZ	1-846/846	===============	0/0	100.00	95.15	argannot	AB245469:2235-3080	(Bla)blaZ	
/home/tiago/documentos/github/ARG-Sentinel/genomes/genome29.fasta	NODE_40_length_16078_cov_17.112961	11416	13422	+	(Bla)mecA	1-2007/2007	===============	0/0	100.00	100.00	argannot	AB221124:91-2097	(Bla)mecA	
/home/tiago/documentos/github/ARG-Sentinel/genomes/genome29.fasta	NODE_56_length_2305_cov_620.290118	10	433	-	(AGly)aadC	1-424/477	==============.	0/0	88.89	87.50	argannot	V01282:225-701	(AGly)aadC	
/home/tiago/documentos/github/ARG-Sentinel/genomes/genome29.fasta	NODE_56_length_2305_cov_620.290118	881	1615	-	(MLS)erm(C)	1-735/735	===============	0/0	100.00	99.59	argannot	M19652:988-1722	(MLS)erm(C)	
/home/tiago/documentos/github/ARG-Sentinel/genomes/genome29.fasta	NODE_58_length_2116_cov_18.939514	179	1618	-	(AGly)aac6-Aph2	1-1440/1440	===============	0/0	100.00	99.93	argannot	M13771:304-1743	(AGly)aac6-Aph2	
/home/tiago/documentos/github/ARG-Sentinel/genomes/genome29.fasta	NODE_63_length_1505_cov_78.897582	1	480	-	(Tmt)dfrC	1-480/486	===============	0/0	98.77	98.96	argannot	Z48233:337-822	(Tmt)dfrC	
/home/tiago/documentos/github/ARG-Sentinel/genomes/genome3.fasta	NODE_17_length_91844_cov_9.730536	60665	62566	+	(Bla)Penicillin_Binding_Protein_Ecoli	1-1902/1902	===============	0/0	100.00	99.05	argannot	CP002291:664439-666340	(Bla)Penicillin_Binding_Protein_Ecoli	
/home/tiago/documentos/github/ARG-Sentinel/genomes/genome3.fasta	NODE_1_length_357564_cov_9.635492	186638	187942	+	(Bla)AmpC1_Ecoli	1-1305/1305	===============	0/0	100.00	98.62	argannot	FN649414:2765051-2766355	(Bla)AmpC1_Ecoli	
/home/tiago/documentos/github/ARG-Sentinel/genomes/genome3.fasta	NODE_22_length_73939_cov_13.042389	6785	7600	-	(Sul)sul2	1-816/816	===============	0/0	100.00	100.00	argannot	EU360945:1617-2432	(Sul)sul2	
/home/tiago/documentos/github/ARG-Sentinel/genomes/genome3.fasta	NODE_40_length_39401_cov_23.095466	20033	20914	-	(Bla)blaKPC-2	1-882/882	===============	0/0	100.00	100.00	argannot	JN048642:127-1008	(Bla)blaKPC-2	
/home/tiago/documentos/github/ARG-Sentinel/genomes/genome3.fasta	NODE_49_length_23274_cov_13.205221	2140	2939	-	(AGly)aadA1-pm	29-831/831	========/======	1/3	96.27	99.50	argannot	JQ690540:7968-8798	(AGly)aadA1-pm	
/home/tiago/documentos/github/ARG-Sentinel/genomes/genome3.fasta	NODE_49_length_23274_cov_13.205221	2986	3510	-	(AGly)sat-2A	1-525/525	===============	0/0	100.00	100.00	argannot	X51546:518-1042	(AGly)sat-2A	
/home/tiago/documentos/github/ARG-Sentinel/genomes/genome3.fasta	NODE_49_length_23274_cov_13.205221	3605	4078	-	(Tmt)dfrA1	1-474/474	===============	0/0	100.00	100.00	argannot	JQ794607:474	(Tmt)dfrA1	
/home/tiago/documentos/github/ARG-Sentinel/genomes/genome3.fasta	NODE_4_length_193532_cov_12.310185	139446	140579	+	(Bla)AmpC2_Ecoli	1-1134/1134	===============	0/0	100.00	97.35	argannot	CP002970:332756-333889	(Bla)AmpC2_Ecoli	
/home/tiago/documentos/github/ARG-Sentinel/genomes/genome3.fasta	NODE_60_length_12762_cov_17.111190	8876	10150	-	(Tet)tetA	1-1275/1275	===============	0/0	100.00	100.00	argannot	JX424423:94438-95712	(Tet)tetA	
/home/tiago/documentos/github/ARG-Sentinel/genomes/genome3.fasta	NODE_60_length_12762_cov_17.111190	10181	10831	+	(Tet)tetR	1-651/651	===============	0/0	100.00	100.00	argannot	HF545434:53576-54226	(Tet)tetR	
/home/tiago/documentos/github/ARG-Sentinel/genomes/genome3.fasta	NODE_88_length_3818_cov_9.704621	1288	2493	-	(Tet)tetB	1-1206/1206	===============	0/0	100.00	99.67	argannot	AB089594:1-1206	(Tet)tetB	
/home/tiago/documentos/github/ARG-Sentinel/genomes/genome3.fasta	NODE_99_length_2383_cov_13.002627	876	1706	+	(Bla)blaOXA-1	1-831/831	===============	0/0	100.00	100.00	argannot	JQ682867:1-831	(Bla)blaOXA-1	
/home/tiago/documentos/github/ARG-Sentinel/genomes/genome3.fasta	NODE_99_length_2383_cov_13.002627	1844	2383	+	(Phe)catB4	1-540/549	===============	0/0	98.36	100.00	argannot	EU935739:59054-59602	(Phe)catB4	
/home/tiago/documentos/github/ARG-Sentinel/genomes/genome3.fasta	NODE_9_length_169868_cov_10.139154	3481	4638	-	(Bla)ampH_Ecoli	1-1158/1158	===============	0/0	100.00	99.40	argannot	AP012030:395554-396711	(Bla)ampH_Ecoli	
/home/tiago/documentos/github/ARG-Sentinel/genomes/genome30.fasta	NODE_18_length_24824_cov_61.573873	16084	16464	-	(Bla)blaI	1-381/381	===============	0/0	100.00	99.74	argannot	NG_047499:101-481	(Bla)blaI	
/home/tiago/documentos/github/ARG-Sentinel/genomes/genome30.fasta	NODE_18_length_24824_cov_61.573873	16454	18211	-	(Bla)blaR1_Bacilli	1-1758/1758	===============	0/0	100.00	96.98	argannot	NG_047539:1-1758	(Bla)blaR1_Bacilli	
/home/tiago/documentos/github/ARG-Sentinel/genomes/genome30.fasta	NODE_18_length_24824_cov_61.573873	18318	19163	+	(Bla)blaZ	1-846/846	===============	0/0	100.00	98.82	argannot	AB245469:2235-3080	(Bla)blaZ	
/home/tiago/documentos/github/ARG-Sentinel/genomes/genome30.fasta	NODE_30_length_4839_cov_15.966878	226	2232	+	(Bla)mecA	1-2007/2007	===============	0/0	100.00	99.95	argannot	AB221124:91-2097	(Bla)mecA	
/home/tiago/documentos/github/ARG-Sentinel/genomes/genome30.fasta	NODE_31_length_4180_cov_0.457976	1200	2099	-	(MLS)mph(C)	1-900/900	===============	0/0	100.00	100.00	argannot	AF167161:5665-6564	(MLS)mph(C)	
/home/tiago/documentos/github/ARG-Sentinel/genomes/genome30.fasta	NODE_31_length_4180_cov_0.457976	2198	3664	-	(MLS)msr(A)	1-1467/1467	===============	0/0	100.00	99.32	argannot	AY591760:274-1740	(MLS)msr(A)	
/home/tiago/documentos/github/ARG-Sentinel/genomes/genome30.fasta	NODE_37_length_2113_cov_8.858987	497	1936	+	(AGly)aac6-Aph2	1-1440/1440	===============	0/0	100.00	100.00	argannot	M13771:304-1743	(AGly)aac6-Aph2	
/home/tiago/documentos/github/ARG-Sentinel/genomes/genome30.fasta	NODE_47_length_1023_cov_2793.268398	1	675	+	(MLS)erm(C)	61-735/735	.==============	0/0	91.84	99.56	argannot	M19652:988-1722	(MLS)erm(C)	
/home/tiago/documentos/github/ARG-Sentinel/genomes/genome30.fasta	NODE_60_length_703_cov_4241.998344	62	538	+	(AGly)aadC	1-477/477	===============	0/0	100.00	86.79	argannot	V01282:225-701	(AGly)aadC	
/home/tiago/documentos/github/ARG-Sentinel/genomes/genome30.fasta	NODE_6_length_123037_cov_13.267891	36170	36970	+	(AGly)apH-Stph	1-801/801	===============	0/0	100.00	82.90	argannot	HE579073:1778413-1779213	(AGly)apH-Stph	
/home/tiago/documentos/github/ARG-Sentinel/genomes/genome32.fasta	NODE_100_length_1843_cov_33.960436	333	818	-	(Tmt)dfrC	1-486/486	===============	0/0	100.00	98.97	argannot	Z48233:337-822	(Tmt)dfrC	
/home/tiago/documentos/github/ARG-Sentinel/genomes/genome32.fasta	NODE_113_length_1600_cov_0.092605	1	1035	-	(MLS)mef(A)	1-1035/1218	=============..	0/0	84.98	89.37	argannot	U70055:314-1531	(MLS)mef(A)	
/home/tiago/documentos/github/ARG-Sentinel/genomes/genome32.fasta	NODE_13_length_78580_cov_14.234745	39589	40389	+	(AGly)apH-Stph	1-801/801	===============	0/0	100.00	83.15	argannot	HE579073:1778413-1779213	(AGly)apH-Stph	
/home/tiago/documentos/github/ARG-Sentinel/genomes/genome32.fasta	NODE_16_length_67253_cov_15.536707	62409	62789	-	(Bla)blaI	1-381/381	===============	0/0	100.00	95.28	argannot	NG_047499:101-481	(Bla)blaI	
/home/tiago/documentos/github/ARG-Sentinel/genomes/genome32.fasta	NODE_16_length_67253_cov_15.536707	62779	64536	-	(Bla)blaR1_Bacilli	1-1758/1758	===============	0/0	100.00	92.95	argannot	NG_047539:1-1758	(Bla)blaR1_Bacilli	
/home/tiago/documentos/github/ARG-Sentinel/genomes/genome32.fasta	NODE_16_length_67253_cov_15.536707	64643	65488	+	(Bla)blaZ	1-846/846	===============	0/0	100.00	95.15	argannot	AB245469:2235-3080	(Bla)blaZ	
/home/tiago/documentos/github/ARG-Sentinel/genomes/genome32.fasta	NODE_35_length_15960_cov_18.020617	11416	13422	+	(Bla)mecA	1-2007/2007	===============	0/0	100.00	100.00	argannot	AB221124:91-2097	(Bla)mecA	
/home/tiago/documentos/github/ARG-Sentinel/genomes/genome32.fasta	NODE_37_length_7447_cov_13.620305	137	982	-	(Bla)blaZ	1-846/846	===============	0/0	100.00	98.70	argannot	AB245469:2235-3080	(Bla)blaZ	
/home/tiago/documentos/github/ARG-Sentinel/genomes/genome32.fasta	NODE_37_length_7447_cov_13.620305	1089	2846	+	(Bla)blaR1_Bacilli	1-1758/1758	===============	0/0	100.00	96.81	argannot	NG_047539:1-1758	(Bla)blaR1_Bacilli	
/home/tiago/documentos/github/ARG-Sentinel/genomes/genome32.fasta	NODE_37_length_7447_cov_13.620305	2836	3216	+	(Bla)blaI	1-381/381	===============	0/0	100.00	98.95	argannot	NG_047499:101-481	(Bla)blaI	
/home/tiago/documentos/github/ARG-Sentinel/genomes/genome32.fasta	NODE_41_length_4753_cov_20.978728	2902	3672	-	(AGly)aadD	1-771/771	===============	0/0	100.00	99.74	argannot	AF181950:3176-3946	(AGly)aadD	
/home/tiago/documentos/github/ARG-Sentinel/genomes/genome32.fasta	NODE_7_length_114735_cov_16.752486	1619	2413	-	(AGly)aph(3'')-III	1-795/795	===============	0/0	100.00	100.00	argannot	V01547:535-1329	(AGly)aph(3'')-III	
/home/tiago/documentos/github/ARG-Sentinel/genomes/genome32.fasta	NODE_7_length_114735_cov_16.752486	2506	3048	-	(AGly)sat4A	1-543/543	===============	0/0	100.00	100.00	argannot	X92945:38870-39412	(AGly)sat4A	
/home/tiago/documentos/github/ARG-Sentinel/genomes/genome32.fasta	NODE_80_length_2115_cov_18.165179	498	1937	+	(AGly)aac6-Aph2	1-1440/1440	===============	0/0	100.00	100.00	argannot	M13771:304-1743	(AGly)aac6-Aph2	
/home/tiago/documentos/github/ARG-Sentinel/genomes/genome33.fasta	NODE_10_length_118936_cov_17.460227	77402	78588	-	(Phe)dha1	2-1188/1188	===============	0/0	99.92	99.41	argannot	BA000018:2517801-2518988	(Phe)dha1	
/home/tiago/documentos/github/ARG-Sentinel/genomes/genome33.fasta	NODE_25_length_15855_cov_15.023991	3360	4160	+	(AGly)apH-Stph	1-801/801	===============	0/0	100.00	100.00	argannot	HE579073:1778413-1779213	(AGly)apH-Stph	
/home/tiago/documentos/github/ARG-Sentinel/genomes/genome33.fasta	NODE_2_length_217598_cov_19.485952	16000	17352	-	(Tet)tet(38)	1-1353/1353	===============	0/0	100.00	99.85	argannot	AY825285:1-1353	(Tet)tet(38)	
/home/tiago/documentos/github/ARG-Sentinel/genomes/genome33.fasta	NODE_38_length_1699_cov_0.250000	1166	1630	-	(AGly)aadC	1-477/477	========/======	2/12	97.48	85.33	argannot	V01282:225-701	(AGly)aadC	
/home/tiago/documentos/github/ARG-Sentinel/genomes/genome33.fasta	NODE_4_length_185780_cov_16.745655	133407	133826	+	(Fcyn)FosB	1-420/420	===============	0/0	100.00	99.76	argannot	AHLO01000073:63139-63558	(Fcyn)FosB	
/home/tiago/documentos/github/ARG-Sentinel/genomes/genome33.fasta	NODE_5_length_184881_cov_20.033997	112421	113266	-	(Bla)blaZ	1-846/846	===============	0/0	100.00	94.80	argannot	AB245469:2235-3080	(Bla)blaZ	
/home/tiago/documentos/github/ARG-Sentinel/genomes/genome33.fasta	NODE_5_length_184881_cov_20.033997	113373	115130	+	(Bla)blaR1_Bacilli	1-1758/1758	===============	0/0	100.00	93.00	argannot	NG_047539:1-1758	(Bla)blaR1_Bacilli	
/home/tiago/documentos/github/ARG-Sentinel/genomes/genome33.fasta	NODE_5_length_184881_cov_20.033997	115120	115500	+	(Bla)blaI	1-381/381	===============	0/0	100.00	95.54	argannot	NG_047499:101-481	(Bla)blaI	
/home/tiago/documentos/github/ARG-Sentinel/genomes/genome33.fasta	NODE_7_length_143150_cov_14.523478	63226	64392	+	(Flq)norA	1-1167/1167	===============	0/0	100.00	99.91	argannot	D90119:478-1644	(Flq)norA	
/home/tiago/documentos/github/ARG-Sentinel/genomes/genome36.fasta	NODE_10_length_155140_cov_13.639902	26991	27851	-	(Bla)blaSHV-11	1-861/861	===============	0/0	100.00	100.00	argannot	HM751098:1-861	(Bla)blaSHV-11	
/home/tiago/documentos/github/ARG-Sentinel/genomes/genome36.fasta	NODE_14_length_139300_cov_14.103139	22670	24571	+	(Bla)Penicillin_Binding_Protein_Ecoli	1-1902/1902	===============	0/0	100.00	81.39	argannot	CP002291:664439-666340	(Bla)Penicillin_Binding_Protein_Ecoli	
/home/tiago/documentos/github/ARG-Sentinel/genomes/genome36.fasta	NODE_15_length_136795_cov_22.099162	128902	129717	+	(Sul)sul2	1-816/816	===============	0/0	100.00	100.00	argannot	EU360945:1617-2432	(Sul)sul2	
/home/tiago/documentos/github/ARG-Sentinel/genomes/genome36.fasta	NODE_29_length_84739_cov_16.065099	70312	70731	-	(Fcyn)FosA6	1-420/420	===============	0/0	100.00	98.81	argannot	KU254579:59422-59841	(Fcyn)FosA6	
/home/tiago/documentos/github/ARG-Sentinel/genomes/genome36.fasta	NODE_30_length_75278_cov_16.438859	43164	46316	-	(Flq)OqxBgb	1-3153/3153	===============	0/0	100.00	100.00	argannot	EU370913:47851-51003	(Flq)OqxBgb	
/home/tiago/documentos/github/ARG-Sentinel/genomes/genome36.fasta	NODE_30_length_75278_cov_16.438859	46340	47515	-	(Flq)OqxA	1-1176/1176	===============	0/0	100.00	100.00	argannot	EU370913:46652-47827	(Flq)OqxA	
/home/tiago/documentos/github/ARG-Sentinel/genomes/genome36.fasta	NODE_34_length_63067_cov_25.930044	57167	57823	-	(Flq)qnr-S1	1-657/657	===============	0/0	100.00	100.00	argannot	AB187515:9737-10393	(Flq)qnr-S1	
/home/tiago/documentos/github/ARG-Sentinel/genomes/genome36.fasta	NODE_34_length_63067_cov_25.930044	59420	60277	-	(Bla)blaLAP-2	1-858/858	===============	0/0	100.00	100.00	argannot	EU159120:1-858	(Bla)blaLAP-2	
/home/tiago/documentos/github/ARG-Sentinel/genomes/genome36.fasta	NODE_64_length_9903_cov_18.307120	168	1073	+	(MLS)mph(A)	1-906/906	===============	0/0	100.00	100.00	argannot	DQ445270:1626-2531	(MLS)mph(A)	
/home/tiago/documentos/github/ARG-Sentinel/genomes/genome36.fasta	NODE_64_length_9903_cov_18.307120	6384	7223	-	(Sul)sul1	1-840/840	===============	0/0	100.00	100.00	argannot	AF071413:6700-7539	(Sul)sul1	
/home/tiago/documentos/github/ARG-Sentinel/genomes/genome36.fasta	NODE_64_length_9903_cov_18.307120	7728	8507	-	(AGly)aadA2	1-780/780	===============	0/0	100.00	99.87	argannot	X68227:66-945	(AGly)aadA2	
/home/tiago/documentos/github/ARG-Sentinel/genomes/genome36.fasta	NODE_64_length_9903_cov_18.307120	8927	9424	-	(Tmt)dfrA12	1-498/498	===============	0/0	100.00	100.00	argannot	Z21672:310-807	(Tmt)dfrA12	
/home/tiago/documentos/github/ARG-Sentinel/genomes/genome36.fasta	NODE_6_length_199609_cov_15.004080	33380	34540	-	(Bla)ampH	1-1161/1161	===============	0/0	100.00	98.88	argannot	CP003785:4208384-4209544	(Bla)ampH	
/home/tiago/documentos/github/ARG-Sentinel/genomes/genome36.fasta	NODE_74_length_3963_cov_27.927277	354	1229	+	(Bla)blaCTX-M-15	1-876/876	===============	0/0	100.00	100.00	argannot	JQ686199:261-1136	(Bla)blaCTX-M-15	
/home/tiago/documentos/github/ARG-Sentinel/genomes/genome36.fasta	NODE_76_length_2798_cov_24.668766	143	1003	+	(AGly)aac3-IIa	1-861/861	===============	0/0	100.00	99.77	argannot	X51534:91-951	(AGly)aac3-IIa	
/home/tiago/documentos/github/ARG-Sentinel/genomes/genome36.fasta	NODE_80_length_2380_cov_29.944761	1	540	-	(Phe)catB4	1-540/549	===============	0/0	98.36	100.00	argannot	EU935739:59054-59602	(Phe)catB4	
/home/tiago/documentos/github/ARG-Sentinel/genomes/genome36.fasta	NODE_80_length_2380_cov_29.944761	678	1508	-	(Bla)blaOXA-1	1-831/831	===============	0/0	100.00	100.00	argannot	JQ682867:1-831	(Bla)blaOXA-1	
/home/tiago/documentos/github/ARG-Sentinel/genomes/genome36.fasta	NODE_87_length_1233_cov_21.470018	185	1000	+	(AGly)aph3-Ia	1-816/816	===============	0/0	100.00	99.88	argannot	HQ840942:23569-24384	(AGly)aph3-Ia	
/home/tiago/documentos/github/ARG-Sentinel/genomes/genome38.fasta	NODE_13_length_110279_cov_6.040570	29306	31207	+	(Bla)Penicillin_Binding_Protein_Ecoli	1-1902/1902	===============	0/0	100.00	98.42	argannot	CP002291:664439-666340	(Bla)Penicillin_Binding_Protein_Ecoli	
/home/tiago/documentos/github/ARG-Sentinel/genomes/genome38.fasta	NODE_40_length_29226_cov_6.848251	12946	14079	+	(Bla)AmpC2_Ecoli	1-1134/1134	===============	0/0	100.00	98.06	argannot	CP002970:332756-333889	(Bla)AmpC2_Ecoli	
/home/tiago/documentos/github/ARG-Sentinel/genomes/genome38.fasta	NODE_4_length_287152_cov_6.284540	121947	123104	-	(Bla)ampH_Ecoli	1-1158/1158	===============	0/0	100.00	97.32	argannot	AP012030:395554-396711	(Bla)ampH_Ecoli	
/home/tiago/documentos/github/ARG-Sentinel/genomes/genome38.fasta	NODE_65_length_10099_cov_7.545500	939	1412	+	(Tmt)dfrA17	1-474/474	===============	0/0	100.00	100.00	argannot	AB126604:98-571	(Tmt)dfrA17	
/home/tiago/documentos/github/ARG-Sentinel/genomes/genome38.fasta	NODE_65_length_10099_cov_7.545500	1543	2331	+	(AGly)aadA5	1-789/789	===============	0/0	100.00	100.00	argannot	AF137361:64-852	(AGly)aadA5	
/home/tiago/documentos/github/ARG-Sentinel/genomes/genome38.fasta	NODE_65_length_10099_cov_7.545500	2878	3717	+	(Sul)sul1	1-840/840	===============	0/0	100.00	100.00	argannot	AF071413:6700-7539	(Sul)sul1	
/home/tiago/documentos/github/ARG-Sentinel/genomes/genome38.fasta	NODE_65_length_10099_cov_7.545500	9028	9933	-	(MLS)mph(A)	1-906/906	===============	0/0	100.00	100.00	argannot	DQ445270:1626-2531	(MLS)mph(A)	
/home/tiago/documentos/github/ARG-Sentinel/genomes/genome38.fasta	NODE_6_length_210280_cov_6.060381	25590	26894	+	(Bla)AmpC1_Ecoli	1-1305/1305	===============	0/0	100.00	95.25	argannot	FN649414:2765051-2766355	(Bla)AmpC1_Ecoli	
/home/tiago/documentos/github/ARG-Sentinel/genomes/genome38.fasta	NODE_90_length_2905_cov_8.754455	431	1063	-	(Phe)catB3	1-633/633	===============	0/0	100.00	99.84	argannot	AJ009818:883-1515	(Phe)catB3	
/home/tiago/documentos/github/ARG-Sentinel/genomes/genome38.fasta	NODE_90_length_2905_cov_8.754455	1201	2031	-	(Bla)blaOXA-1	1-831/831	===============	0/0	100.00	100.00	argannot	JQ682867:1-831	(Bla)blaOXA-1	
/home/tiago/documentos/github/ARG-Sentinel/genomes/genome40.fasta	NODE_15_length_87215_cov_6.179508	53851	54726	-	(Bla)blaCTX-M-15	1-876/876	===============	0/0	100.00	100.00	argannot	JQ686199:261-1136	(Bla)blaCTX-M-15	
/home/tiago/documentos/github/ARG-Sentinel/genomes/genome40.fasta	NODE_40_length_14359_cov_7.162903	1388	2227	-	(Sul)sul1	1-840/840	===============	0/0	100.00	100.00	argannot	AF071413:6700-7539	(Sul)sul1	
/home/tiago/documentos/github/ARG-Sentinel/genomes/genome40.fasta	NODE_40_length_14359_cov_7.162903	2605	3168	-	(Tmt)dfrA10	1-564/564	===============	0/0	100.00	100.00	argannot	L06418:5494-6057	(Tmt)dfrA10	
/home/tiago/documentos/github/ARG-Sentinel/genomes/genome40.fasta	NODE_40_length_14359_cov_7.162903	5496	6335	-	(Sul)sul1	1-840/840	===============	0/0	100.00	100.00	argannot	AF071413:6700-7539	(Sul)sul1	
/home/tiago/documentos/github/ARG-Sentinel/genomes/genome40.fasta	NODE_40_length_14359_cov_7.162903	6833	7366	-	(AGly)aadB	1-534/534	===============	0/0	100.00	100.00	argannot	JQ690540:4275-4808	(AGly)aadB	
/home/tiago/documentos/github/ARG-Sentinel/genomes/genome40.fasta	NODE_40_length_14359_cov_7.162903	13378	14037	-	(Phe)catA1	1-660/660	===============	0/0	100.00	99.85	argannot	V00622:244-903	(Phe)catA1	
/home/tiago/documentos/github/ARG-Sentinel/genomes/genome40.fasta	NODE_48_length_4280_cov_7.240851	1773	2978	+	(Tet)tetB	1-1206/1206	===============	0/0	100.00	99.67	argannot	AB089594:1-1206	(Tet)tetB	
/home/tiago/documentos/github/ARG-Sentinel/genomes/genome40.fasta	NODE_51_length_2906_cov_7.795155	876	1706	+	(Bla)blaOXA-1	1-831/831	===============	0/0	100.00	100.00	argannot	JQ682867:1-831	(Bla)blaOXA-1	
/home/tiago/documentos/github/ARG-Sentinel/genomes/genome40.fasta	NODE_51_length_2906_cov_7.795155	1844	2476	+	(Phe)catB3	1-633/633	===============	0/0	100.00	99.84	argannot	AJ009818:883-1515	(Phe)catB3	
/home/tiago/documentos/github/ARG-Sentinel/genomes/genome40.fasta	NODE_59_length_1239_cov_7.561404	237	1052	-	(AGly)aph3-Ia	1-816/816	===============	0/0	100.00	99.88	argannot	HQ840942:23569-24384	(AGly)aph3-Ia	
/home/tiago/documentos/github/ARG-Sentinel/genomes/genome40.fasta	NODE_6_length_238953_cov_6.622376	118469	119608	-	(Bla)blaMOR-2	1-1140/1140	===============	0/0	100.00	98.33	argannot	AY235804:110-1249	(Bla)blaMOR-2	
/home/tiago/documentos/github/ARG-Sentinel/genomes/genome41.fasta	NODE_1_length_627399_cov_7.351127	5436	6611	+	(Flq)OqxA	1-1176/1176	===============	0/0	100.00	100.00	argannot	EU370913:46652-47827	(Flq)OqxA	
/home/tiago/documentos/github/ARG-Sentinel/genomes/genome41.fasta	NODE_1_length_627399_cov_7.351127	6635	9787	+	(Flq)OqxBgb	1-3153/3153	===============	0/0	100.00	100.00	argannot	EU370913:47851-51003	(Flq)OqxBgb	
/home/tiago/documentos/github/ARG-Sentinel/genomes/genome41.fasta	NODE_23_length_91321_cov_13.537337	88440	89255	+	(Sul)sul2	1-816/816	===============	0/0	100.00	100.00	argannot	EU360945:1617-2432	(Sul)sul2	
/home/tiago/documentos/github/ARG-Sentinel/genomes/genome41.fasta	NODE_23_length_91321_cov_13.537337	89316	90119	+	(AGly)strA	1-804/804	===============	0/0	100.00	99.88	argannot	AB366441:22458-23261	(AGly)strA	
/home/tiago/documentos/github/ARG-Sentinel/genomes/genome41.fasta	NODE_23_length_91321_cov_13.537337	90119	90955	+	(AGly)strB	1-837/837	===============	0/0	100.00	100.00	argannot	FJ474091:264-1100	(AGly)strB	
/home/tiago/documentos/github/ARG-Sentinel/genomes/genome41.fasta	NODE_25_length_86624_cov_6.764091	22165	24066	+	(Bla)Penicillin_Binding_Protein_Ecoli	1-1902/1902	===============	0/0	100.00	81.39	argannot	CP002291:664439-666340	(Bla)Penicillin_Binding_Protein_Ecoli	
/home/tiago/documentos/github/ARG-Sentinel/genomes/genome41.fasta	NODE_2_length_250669_cov_7.394509	33432	34592	-	(Bla)ampH	1-1161/1161	===============	0/0	100.00	98.88	argannot	CP003785:4208384-4209544	(Bla)ampH	
/home/tiago/documentos/github/ARG-Sentinel/genomes/genome41.fasta	NODE_38_length_53059_cov_5.345884	7160	8020	-	(Bla)blaSHV-11	1-861/861	===============	0/0	100.00	100.00	argannot	HM751098:1-861	(Bla)blaSHV-11	
/home/tiago/documentos/github/ARG-Sentinel/genomes/genome41.fasta	NODE_44_length_43061_cov_24.463410	2957	3838	-	(Bla)blaKPC-2	1-882/882	===============	0/0	100.00	100.00	argannot	JN048642:127-1008	(Bla)blaKPC-2	
/home/tiago/documentos/github/ARG-Sentinel/genomes/genome41.fasta	NODE_44_length_43061_cov_24.463410	42149	42673	+	(AGly)sat-2A	1-525/525	===============	0/0	100.00	100.00	argannot	X51546:518-1042	(AGly)sat-2A	
/home/tiago/documentos/github/ARG-Sentinel/genomes/genome41.fasta	NODE_48_length_33614_cov_8.051917	19147	19566	-	(Fcyn)FosA6	1-420/420	===============	0/0	100.00	98.81	argannot	KU254579:59422-59841	(Fcyn)FosA6	
/home/tiago/documentos/github/ARG-Sentinel/genomes/genome41.fasta	NODE_66_length_8666_cov_10.156648	759	1972	+	(Phe)floR	1-1214/1215	===============	0/0	99.92	86.74	argannot	AKLJ01000508:383-1597	(Phe)floR	
/home/tiago/documentos/github/ARG-Sentinel/genomes/genome41.fasta	NODE_66_length_8666_cov_10.156648	2198	2806	-	(Tet)tetR(G)	1-609/633	===============	0/0	96.21	98.52	argannot	S52438:113-745	(Tet)tetR(G)	
/home/tiago/documentos/github/ARG-Sentinel/genomes/genome41.fasta	NODE_66_length_8666_cov_10.156648	2910	4085	+	(Tet)tetG	1-1176/1176	===============	0/0	100.00	100.00	argannot	AF133140:757-1932	(Tet)tetG	
/home/tiago/documentos/github/ARG-Sentinel/genomes/genome41.fasta	NODE_66_length_8666_cov_10.156648	7790	8545	-	(AGly)rmtB	1-756/756	===============	0/0	100.00	100.00	argannot	AB103506:1410-2165	(AGly)rmtB	
/home/tiago/documentos/github/ARG-Sentinel/genomes/genome41.fasta	NODE_67_length_8482_cov_11.180961	699	1604	-	(MLS)erm(42)	1-906/906	===============	0/0	100.00	99.67	argannot	FR734406:1-906	(MLS)erm(42)	
/home/tiago/documentos/github/ARG-Sentinel/genomes/genome41.fasta	NODE_69_length_6794_cov_8.710082	5721	6626	-	(MLS)mph(A)	1-906/906	===============	0/0	100.00	100.00	argannot	DQ445270:1626-2531	(MLS)mph(A)	
/home/tiago/documentos/github/ARG-Sentinel/genomes/genome41.fasta	NODE_72_length_5871_cov_10.453049	133	993	+	(AGly)aac3-IId	1-861/861	===============	0/0	100.00	99.88	argannot	EU022314:1-861	(AGly)aac3-IId	
/home/tiago/documentos/github/ARG-Sentinel/genomes/genome41.fasta	NODE_73_length_5711_cov_8.860834	323	982	+	(Phe)catA1	1-660/660	===============	0/0	100.00	99.85	argannot	V00622:244-903	(Phe)catA1	
/home/tiago/documentos/github/ARG-Sentinel/genomes/genome41.fasta	NODE_78_length_4110_cov_21.636250	1381	1878	+	(Tmt)dfrA12	1-498/498	===============	0/0	100.00	100.00	argannot	Z21672:310-807	(Tmt)dfrA12	
/home/tiago/documentos/github/ARG-Sentinel/genomes/genome41.fasta	NODE_78_length_4110_cov_21.636250	2298	3077	+	(AGly)aadA2	1-780/780	===============	0/0	100.00	99.87	argannot	X68227:66-945	(AGly)aadA2	
/home/tiago/documentos/github/ARG-Sentinel/genomes/genome41.fasta	NODE_87_length_1474_cov_12.645264	2	877	-	(Bla)blaCTX-M-14	1-876/876	===============	0/0	100.00	100.00	argannot	AF252622:1741-2616	(Bla)blaCTX-M-14	
/home/tiago/documentos/github/ARG-Sentinel/genomes/genome41.fasta	NODE_91_length_1236_cov_9.862797	186	1001	+	(AGly)aph3-Ia	1-816/816	===============	0/0	100.00	99.88	argannot	HQ840942:23569-24384	(AGly)aph3-Ia	
/home/tiago/documentos/github/ARG-Sentinel/genomes/genome41.fasta	NODE_95_length_1105_cov_28.927435	112	972	-	(Bla)blaTEM-105	1-861/861	===============	0/0	100.00	99.88	argannot	AF516720:215-1075	(Bla)blaTEM-105	
/home/tiago/documentos/github/ARG-Sentinel/genomes/genome42.fasta	NODE_114_length_1380_cov_18.616706	142	651	+	(Tmt)dfrA8	1-510/510	===============	0/0	100.00	100.00	argannot	U10186:711-1220	(Tmt)dfrA8	
/home/tiago/documentos/github/ARG-Sentinel/genomes/genome42.fasta	NODE_16_length_101041_cov_8.077589	48686	49819	+	(Bla)AmpC2_Ecoli	1-1134/1134	===============	0/0	100.00	97.97	argannot	CP002970:332756-333889	(Bla)AmpC2_Ecoli	
/home/tiago/documentos/github/ARG-Sentinel/genomes/genome42.fasta	NODE_22_length_78644_cov_6.363728	12014	13318	-	(Bla)AmpC1_Ecoli	1-1305/1305	===============	0/0	100.00	96.32	argannot	FN649414:2765051-2766355	(Bla)AmpC1_Ecoli	
/home/tiago/documentos/github/ARG-Sentinel/genomes/genome42.fasta	NODE_37_length_43294_cov_12.460632	15412	16557	-	(Bla)blaCMY-111	1-1146/1146	===============	0/0	100.00	99.91	argannot	KJ155695:1-1146	(Bla)blaCMY-111	
/home/tiago/documentos/github/ARG-Sentinel/genomes/genome42.fasta	NODE_7_length_187068_cov_6.522905	148731	149888	+	(Bla)ampH_Ecoli	1-1158/1158	===============	0/0	100.00	96.72	argannot	AP012030:395554-396711	(Bla)ampH_Ecoli	
/home/tiago/documentos/github/ARG-Sentinel/genomes/genome42.fasta	NODE_86_length_3344_cov_125.969492	2271	3176	-	(MLS)mph(A)	1-906/906	===============	0/0	100.00	100.00	argannot	DQ445270:1626-2531	(MLS)mph(A)	
/home/tiago/documentos/github/ARG-Sentinel/genomes/genome42.fasta	NODE_8_length_155714_cov_6.347595	76299	78200	+	(Bla)Penicillin_Binding_Protein_Ecoli	1-1902/1902	===============	0/0	100.00	98.79	argannot	CP002291:664439-666340	(Bla)Penicillin_Binding_Protein_Ecoli	
/home/tiago/documentos/github/ARG-Sentinel/genomes/genome43.fasta	NODE_14_length_157977_cov_4.056297	28058	28469	+	(Fcyn)FosA5	1-412/420	===============	0/0	98.10	80.58	argannot	KP143090:1200-1619	(Fcyn)FosA5	
/home/tiago/documentos/github/ARG-Sentinel/genomes/genome43.fasta	NODE_3_length_484186_cov_3.790763	46355	49507	-	(Flq)OqxBgb	1-3153/3153	===============	0/0	100.00	88.36	argannot	EU370913:47851-51003	(Flq)OqxBgb	
/home/tiago/documentos/github/ARG-Sentinel/genomes/genome43.fasta	NODE_3_length_484186_cov_3.790763	49531	50706	-	(Flq)OqxA	1-1176/1176	===============	0/0	100.00	84.78	argannot	EU370913:46652-47827	(Flq)OqxA	
/home/tiago/documentos/github/ARG-Sentinel/genomes/genome43.fasta	NODE_5_length_391037_cov_3.880418	196995	197867	-	(Bla)blaOXY2-1	1-873/873	===============	0/0	100.00	100.00	argannot	AJ871866:1-873	(Bla)blaOXY2-1	
/home/tiago/documentos/github/ARG-Sentinel/genomes/genome43.fasta	NODE_5_length_391037_cov_3.880418	332516	333676	-	(Bla)ampH	1-1161/1161	========/======	2/2	99.91	85.28	argannot	CP003785:4208384-4209544	(Bla)ampH	
/home/tiago/documentos/github/ARG-Sentinel/genomes/genome43.fasta	NODE_8_length_256959_cov_3.787106	104249	106150	-	(Bla)Penicillin_Binding_Protein_Ecoli	1-1902/1902	===============	0/0	100.00	80.70	argannot	CP002291:664439-666340	(Bla)Penicillin_Binding_Protein_Ecoli	
/home/tiago/documentos/github/ARG-Sentinel/genomes/genome44.fasta	NODE_10_length_182612_cov_4.124166	73993	75894	-	(Bla)Penicillin_Binding_Protein_Ecoli	1-1902/1902	===============	0/0	100.00	98.79	argannot	CP002291:664439-666340	(Bla)Penicillin_Binding_Protein_Ecoli	
/home/tiago/documentos/github/ARG-Sentinel/genomes/genome44.fasta	NODE_13_length_146153_cov_3.977378	74616	75920	-	(Bla)AmpC1_Ecoli	1-1305/1305	===============	0/0	100.00	96.32	argannot	FN649414:2765051-2766355	(Bla)AmpC1_Ecoli	
/home/tiago/documentos/github/ARG-Sentinel/genomes/genome44.fasta	NODE_4_length_263620_cov_4.200747	158749	159906	+	(Bla)ampH_Ecoli	1-1158/1158	===============	0/0	100.00	96.72	argannot	AP012030:395554-396711	(Bla)ampH_Ecoli	
/home/tiago/documentos/github/ARG-Sentinel/genomes/genome44.fasta	NODE_73_length_4101_cov_5.696152	724	1929	-	(Tet)tetB	1-1206/1206	===============	0/0	100.00	99.67	argannot	AB089594:1-1206	(Tet)tetB	
/home/tiago/documentos/github/ARG-Sentinel/genomes/genome44.fasta	NODE_75_length_2928_cov_4.126546	1962	2777	+	(Sul)sul2	1-816/816	===============	0/0	100.00	99.63	argannot	EU360945:1617-2432	(Sul)sul2	
/home/tiago/documentos/github/ARG-Sentinel/genomes/genome44.fasta	NODE_84_length_1916_cov_6.678908	522	1382	+	(Bla)blaTEM-105	1-861/861	===============	0/0	100.00	99.88	argannot	AF516720:215-1075	(Bla)blaTEM-105	
/home/tiago/documentos/github/ARG-Sentinel/genomes/genome44.fasta	NODE_9_length_210410_cov_4.794167	48453	49586	+	(Bla)AmpC2_Ecoli	1-1134/1134	===============	0/0	100.00	97.97	argannot	CP002970:332756-333889	(Bla)AmpC2_Ecoli	
/home/tiago/documentos/github/ARG-Sentinel/genomes/genome45.fasta	NODE_2_length_253327_cov_5.450385	120431	121588	-	(Bla)ampH_Ecoli	1-1158/1158	===============	0/0	100.00	97.06	argannot	AP012030:395554-396711	(Bla)ampH_Ecoli	
/home/tiago/documentos/github/ARG-Sentinel/genomes/genome45.fasta	NODE_41_length_38387_cov_6.968293	13252	14385	+	(Bla)AmpC2_Ecoli	1-1134/1134	===============	0/0	100.00	97.80	argannot	CP002970:332756-333889	(Bla)AmpC2_Ecoli	
/home/tiago/documentos/github/ARG-Sentinel/genomes/genome45.fasta	NODE_5_length_204366_cov_5.181165	113075	114976	+	(Bla)Penicillin_Binding_Protein_Ecoli	1-1902/1902	===============	0/0	100.00	98.69	argannot	CP002291:664439-666340	(Bla)Penicillin_Binding_Protein_Ecoli	
/home/tiago/documentos/github/ARG-Sentinel/genomes/genome45.fasta	NODE_76_length_3361_cov_4.866340	1842	2717	-	(Bla)blaCTX-M-15	1-876/876	===============	0/0	100.00	100.00	argannot	JQ686199:261-1136	(Bla)blaCTX-M-15	
/home/tiago/documentos/github/ARG-Sentinel/genomes/genome45.fasta	NODE_81_length_2798_cov_4.917747	143	1003	+	(AGly)aac3-IIa	1-861/861	===============	0/0	100.00	99.77	argannot	X51534:91-951	(AGly)aac3-IIa	
/home/tiago/documentos/github/ARG-Sentinel/genomes/genome45.fasta	NODE_86_length_2384_cov_4.857330	1	541	-	(Phe)catB4	1-541/549	===============	0/0	98.54	100.00	argannot	EU935739:59054-59602	(Phe)catB4	
/home/tiago/documentos/github/ARG-Sentinel/genomes/genome45.fasta	NODE_86_length_2384_cov_4.857330	679	1509	-	(Bla)blaOXA-1	1-831/831	===============	0/0	100.00	100.00	argannot	JQ682867:1-831	(Bla)blaOXA-1	
/home/tiago/documentos/github/ARG-Sentinel/genomes/genome47.fasta	NODE_13_length_129064_cov_11.226969	90060	91253	+	(Bla)blaPDC-216	1-1194/1194	===============	0/0	100.00	99.58	argannot	MF281081:MF281081	(Bla)blaPDC-216	
/home/tiago/documentos/github/ARG-Sentinel/genomes/genome47.fasta	NODE_13_length_129064_cov_11.226969	103608	104414	-	(AGly)aph(3'')-IIb	1-807/807	===============	0/0	100.00	98.14	argannot	X90856:388-1194	(AGly)aph(3'')-IIb	
/home/tiago/documentos/github/ARG-Sentinel/genomes/genome47.fasta	NODE_13_length_129064_cov_11.226969	121119	122327	-	(Phe)bcr1	1-1209/1209	===============	0/0	100.00	99.92	argannot	NG_055652:101-1309	(Phe)bcr1	
/home/tiago/documentos/github/ARG-Sentinel/genomes/genome47.fasta	NODE_28_length_63116_cov_11.915166	9485	10123	+	(Phe)catB7	1-639/639	===============	0/0	100.00	98.91	argannot	AF036933:177-815	(Phe)catB7	
/home/tiago/documentos/github/ARG-Sentinel/genomes/genome47.fasta	NODE_7_length_291122_cov_12.106019	112517	113305	+	(Bla)blaOXA-50	1-789/789	===============	0/0	100.00	99.75	argannot	AM117128:1-789	(Bla)blaOXA-50	
/home/tiago/documentos/github/ARG-Sentinel/genomes/genome48.fasta	NODE_12_length_168115_cov_12.234644	28047	28913	-	(Bla)blaSHV-187	1-867/867	===============	0/0	100.00	99.54	argannot	LN515533:1-867	(Bla)blaSHV-187	
/home/tiago/documentos/github/ARG-Sentinel/genomes/genome48.fasta	NODE_13_length_146762_cov_13.373959	82140	84041	+	(Bla)Penicillin_Binding_Protein_Ecoli	1-1902/1902	===============	0/0	100.00	81.39	argannot	CP002291:664439-666340	(Bla)Penicillin_Binding_Protein_Ecoli	
/home/tiago/documentos/github/ARG-Sentinel/genomes/genome48.fasta	NODE_21_length_88230_cov_13.705223	63461	63880	-	(Fcyn)FosA6	1-420/420	===============	0/0	100.00	99.76	argannot	KU254579:59422-59841	(Fcyn)FosA6	
/home/tiago/documentos/github/ARG-Sentinel/genomes/genome48.fasta	NODE_40_length_32568_cov_12.375035	9723	10898	+	(Flq)OqxA	1-1176/1176	===============	0/0	100.00	99.15	argannot	EU370913:46652-47827	(Flq)OqxA	
/home/tiago/documentos/github/ARG-Sentinel/genomes/genome48.fasta	NODE_40_length_32568_cov_12.375035	10922	14074	+	(Flq)OqxBgb	1-3153/3153	===============	0/0	100.00	98.89	argannot	EU370913:47851-51003	(Flq)OqxBgb	
/home/tiago/documentos/github/ARG-Sentinel/genomes/genome48.fasta	NODE_8_length_218613_cov_13.321934	41807	42967	-	(Bla)ampH	1-1161/1161	===============	0/0	100.00	99.31	argannot	CP003785:4208384-4209544	(Bla)ampH	
/home/tiago/documentos/github/ARG-Sentinel/genomes/genome49.fasta	NODE_15_length_133795_cov_4.988825	112978	114879	-	(Bla)Penicillin_Binding_Protein_Ecoli	1-1902/1902	===============	0/0	100.00	82.28	argannot	CP002291:664439-666340	(Bla)Penicillin_Binding_Protein_Ecoli	
/home/tiago/documentos/github/ARG-Sentinel/genomes/genome49.fasta	NODE_26_length_32118_cov_5.865299	13738	14883	+	(Bla)blaMIR-1	1-1146/1146	===============	0/0	100.00	99.48	argannot	M37839:928-2073	(Bla)blaMIR-1	
/home/tiago/documentos/github/ARG-Sentinel/genomes/genome49.fasta	NODE_2_length_396193_cov_4.679733	249836	251011	+	(Flq)OqxA	1-1176/1176	===============	0/0	100.00	87.08	argannot	EU370913:46652-47827	(Flq)OqxA	
/home/tiago/documentos/github/ARG-Sentinel/genomes/genome49.fasta	NODE_2_length_396193_cov_4.679733	251036	254155	+	(Flq)OqxBgb	1-3120/3153	===============	0/0	98.95	89.39	argannot	EU370913:47851-51003	(Flq)OqxBgb	
/home/tiago/documentos/github/ARG-Sentinel/genomes/genome49.fasta	NODE_4_length_321372_cov_5.639936	312209	312634	-	(Fcyn)FosA2	1-426/426	===============	0/0	100.00	92.49	argannot	EU487198:217-642	(Fcyn)FosA2	
/home/tiago/documentos/github/ARG-Sentinel/genomes/genome50.fasta	NODE_10_length_99032_cov_6.726482	84961	86094	-	(Bla)AmpC2_Ecoli	1-1134/1134	===============	0/0	100.00	97.53	argannot	CP002970:332756-333889	(Bla)AmpC2_Ecoli	
/home/tiago/documentos/github/ARG-Sentinel/genomes/genome50.fasta	NODE_21_length_72536_cov_6.203377	51517	53418	-	(Bla)Penicillin_Binding_Protein_Ecoli	1-1902/1902	===============	0/0	100.00	98.63	argannot	CP002291:664439-666340	(Bla)Penicillin_Binding_Protein_Ecoli	
/home/tiago/documentos/github/ARG-Sentinel/genomes/genome50.fasta	NODE_30_length_51023_cov_6.006382	25852	27156	-	(Bla)AmpC1_Ecoli	1-1305/1305	===============	0/0	100.00	96.40	argannot	FN649414:2765051-2766355	(Bla)AmpC1_Ecoli	
/home/tiago/documentos/github/ARG-Sentinel/genomes/genome50.fasta	NODE_3_length_158922_cov_6.304118	24662	25819	+	(Bla)ampH_Ecoli	1-1158/1158	===============	0/0	100.00	96.98	argannot	AP012030:395554-396711	(Bla)ampH_Ecoli	
/home/tiago/documentos/github/ARG-Sentinel/genomes/genome8.fasta	NODE_21_length_110973_cov_5.802082	71962	73155	+	(Bla)blaPDC-195	1-1194/1194	===============	0/0	100.00	99.16	argannot	MF098287:1-1194	(Bla)blaPDC-195	
/home/tiago/documentos/github/ARG-Sentinel/genomes/genome8.fasta	NODE_21_length_110973_cov_5.802082	85511	86317	-	(AGly)aph(3'')-IIb	1-807/807	===============	0/0	100.00	98.02	argannot	X90856:388-1194	(AGly)aph(3'')-IIb	
/home/tiago/documentos/github/ARG-Sentinel/genomes/genome8.fasta	NODE_21_length_110973_cov_5.802082	103022	104230	-	(Phe)bcr1	1-1209/1209	===============	0/0	100.00	99.34	argannot	NG_055652:101-1309	(Phe)bcr1	
/home/tiago/documentos/github/ARG-Sentinel/genomes/genome8.fasta	NODE_34_length_60793_cov_5.882674	9012	9650	+	(Phe)catB7	1-639/639	===============	0/0	100.00	98.12	argannot	AF036933:177-815	(Phe)catB7	
/home/tiago/documentos/github/ARG-Sentinel/genomes/genome8.fasta	NODE_4_length_375383_cov_5.953225	19362	20150	+	(Bla)blaOXA-50	1-789/789	===============	0/0	100.00	97.97	argannot	AM117128:1-789	(Bla)blaOXA-50	
/home/tiago/documentos/github/ARG-Sentinel/genomes/genome9.fasta	NODE_15_length_201055_cov_3.763849	148180	148818	+	(Phe)catB7	1-639/639	===============	0/0	100.00	98.59	argannot	AF036933:177-815	(Phe)catB7	
/home/tiago/documentos/github/ARG-Sentinel/genomes/genome9.fasta	NODE_5_length_357024_cov_4.010546	183150	184343	+	(Bla)blaPDC-119	1-1194/1194	===============	0/0	100.00	99.92	argannot	KX196793:1-1194	(Bla)blaPDC-119	
/home/tiago/documentos/github/ARG-Sentinel/genomes/genome9.fasta	NODE_5_length_357024_cov_4.010546	196686	197492	-	(AGly)aph(3'')-IIb	1-807/807	===============	0/0	100.00	97.77	argannot	X90856:388-1194	(AGly)aph(3'')-IIb	
/home/tiago/documentos/github/ARG-Sentinel/genomes/genome9.fasta	NODE_5_length_357024_cov_4.010546	214197	215405	-	(Phe)bcr1	1-1209/1209	===============	0/0	100.00	99.59	argannot	NG_055652:101-1309	(Phe)bcr1	
/home/tiago/documentos/github/ARG-Sentinel/genomes/genome9.fasta	NODE_9_length_276936_cov_4.240922	114124	114912	-	(Bla)blaOXA-50	1-789/789	===============	0/0	100.00	99.49	argannot	AM117128:1-789	(Bla)blaOXA-50	
